Number,CCDS ID,GeneName,Exon number,Number of 1bp mismatches,Number of 2bp mismatches,Number of 3bp mismatches,Off-target score (OS),sgRNA sequence,name,Evaluated_Sequence,Phi,Precision,1-bp ins frequency,MH del frequency,MHless del frequency,Frameshift frequency,Frame +0 frequency,Frame +1 frequency,Frame +2 frequency,Highest outcome frequency,Highest del frequency,Highest ins frequency,Expected indel length,Reference sequence,Cutsite,gRNA,gRNA orientation,Cas9 type,Length,Genotype position,Predicted frequency,Category,Inserted Bases,Dkl_hek293_hek293,Dkl_hek293_u2os,Dkl_hek293_hct116,Dkl_hek293_k562,Dkl_ave
63565,CCDS949.1,/C1orf51/C1orf51,2,0,0,34,123.3158,AAGATGGGTCGTTTTGAGAG,63565,ACTCAATGGGCTGAAGATGGGTCGTTTTGAGAGAGGTAATCTTATTGTTGCATTCATTTG,1.8745819074564825,0.5156249089899303,46.051069633358374,44.94156776625615,9.007362600385543,87.84272223675026,12.157277763249773,69.11800561252471,18.72471662422555,39.64344099432166,17.76464376648648,39.64344099432166,3.9388620617345116,ACTCAATGGGCTGAAGATGGGTCGTTTTGAGAGAGGTAATCTTATTGTTGCATTCATTTG,30,,,,1,,39.64344099432166,ins,A,0.0,2.837815284729004,0.7554439306259155,2.8722198009490967,1.616369754076004
25077,CCDS32141.1,/C14orf159/C14orf159/C14orf159/C14orf159,6,0,0,36,213.6842,TCAGTCATAACTGTGCAGCC,25077,TGCATCCTTCAGGTCAGTCATAACTGTGCAGCCTGGGATGCTGGCAAAAGCCAGTGGGGT,2.0436538187505917,0.5158124653184583,46.03266794800528,43.23898699042205,10.728345061572613,68.38253075159787,31.617469248402106,55.32291968357863,13.05961106801924,39.62759975255899,14.742281078474623,39.62759975255899,4.239772923843285,TGCATCCTTCAGGTCAGTCATAACTGTGCAGCCTGGGATGCTGGCAAAAGCCAGTGGGGT,30,,,,1,,39.62759975255899,ins,A,0.0,5.464780330657959,0.7622847557067871,2.8817696571350098,2.277208685874939
58518,CCDS7351.1,/C10orf11,3,0,0,1,56.1579,TCCCAACGAGCTGGTCAGCT,58518,GCAACGTGGCCTGTCCCAACGAGCTGGTCAGCTTGGAAAAGGATGAGGAAGACTACAAGA,1.722530562655544,0.4973148173224232,46.032135592402874,41.23935897111954,12.728505436477501,79.35625251516234,20.643747484837636,68.06045073559648,11.29580177956587,39.6271414698724,13.102169679278477,39.6271414698724,4.57918334034921,GCAACGTGGCCTGTCCCAACGAGCTGGTCAGCTTGGAAAAGGATGAGGAAGACTACAAGA,30,,,,1,,39.6271414698724,ins,A,0.0,5.459676265716553,0.7523692846298218,2.879011869430542,2.272764354944229
26710,CCDS32845.1,/C18orf62,2,0,0,9,411.0526,TACAAGGGGTTTCTGAAGAC,26710,aatcatagcaggatacaaggggtttctgaagactggaaaagggccaacagcatatttcga,2.275103277906304,0.5173661825981928,46.028278967519235,44.33400187711621,9.637719155364572,83.70135230881591,16.29864769118409,61.43613006679673,22.265222242019185,39.623821462710154,12.738365159866605,39.623821462710154,4.3573237255261095,AATCATAGCAGGATACAAGGGGTTTCTGAAGACTGGAAAAGGGCCAACAGCATATTTCGA,30,,,,1,,39.623821462710154,ins,A,0.0,4.553481101989746,0.769352912902832,2.8870434761047363,2.0524693727493286
31655,CCDS34723.1,/MLL5/MLL5,6,0,0,13,245.7895,GATACCAGTGCAACTGAGAG,31655,GTCTGAAGATGGTGATACCAGTGCAACTGAGAGTGGTGATGAGGTTCCTGTGGAATTATA,2.276604342084217,0.5160554239108346,46.011430624297326,46.56635509596685,7.4222142797357735,71.49995506139079,28.50004493860921,63.276027661585275,8.22392739980552,39.60931742826128,14.638357362497134,39.60931742826128,4.720941011397076,GTCTGAAGATGGTGATACCAGTGCAACTGAGAGTGGTGATGAGGTTCCTGTGGAATTATA,30,,,,1,,39.60931742826128,ins,A,0.0,2.838108539581299,0.7709051370620728,2.893489122390747,1.6256256997585297
54626,CCDS58683.1,/AC007228.1,2,0,0,2,235.1579,GACCTGTCTTCTCAAGAGAC,54626,CCACCCTCACCCAGACCTGTCTTCTCAAGAGACTGGGCTTTCCCAGGAGTGGAGCTCGGT,1.5950440521703664,0.5108981250085096,45.859784882231104,43.51674198722444,10.623473130544447,88.24560973106833,11.754390268931678,75.38200719901108,12.863602532057243,39.47877194743953,20.951994951206366,39.47877194743953,3.9481443715274755,CCACCCTCACCCAGACCTGTCTTCTCAAGAGACTGGGCTTTCCCAGGAGTGGAGCTCGGT,30,,,,1,,39.47877194743953,ins,A,0.0,2.8100390434265137,0.7631857395172119,2.947498321533203,1.6301807761192322
47153,CCDS47820.1,/EPB49/EPB49/EPB49,3,0,0,11,139.5789,GGGCCGCTCGATGTCCAGGA,47153,AGATCATGAGGTCGGGCCGCTCGATGTCCAGGATGGCCTTGTCCTTGGGGATGGCAGCCA,2.0495997788064733,0.5173382459477369,45.732958344797936,43.51041247243641,10.756629182765627,63.31476857876752,36.68523142123242,55.32637522700135,7.988393351766169,39.36959228248765,16.61500773205544,39.36959228248765,5.798072913246888,AGATCATGAGGTCGGGCCGCTCGATGTCCAGGATGGCCTTGTCCTTGGGGATGGCAGCCA,30,,,,1,,39.36959228248765,ins,A,0.0,5.408743381500244,0.7869683504104614,2.9887430667877197,2.2961136996746063
43015,CCDS452.2,/ZNF643,4,0,0,0,581.5789,GTGATTTCCCAGTTGGAGAA,43015,TTCCAAACCTGGCGTGATTTCCCAGTTGGAGAAAGGAGAAGAACCATGGCTGATGGAGAG,2.2141959647459086,0.5217714960543768,45.72912171489118,46.59955961790115,7.671318667207562,87.68307566767189,12.31692433232808,64.10132666791208,23.581748999759803,39.36628948816524,15.129649975044535,39.36628948816524,3.712884135478651,TTCCAAACCTGGCGTGATTTCCCAGTTGGAGAAAGGAGAAGAACCATGGCTGATGGAGAG,30,,,,1,,39.36628948816524,ins,A,0.0,2.799332618713379,0.7919042110443115,2.989809036254883,1.6452614665031433
53279,CCDS5671.2,/ZNF498/ZNF498,2,0,0,39,105.9474,TACCGAGGAGCAGCTCAGTC,53279,GTCCAGACCCAGGTACCGAGGAGCAGCTCAGTCAGGACCCTGGAGATGAGACACGGGCCT,2.224754180443048,0.5277576351321542,45.63416814191175,44.43802951366002,9.927802344428285,82.34754927641656,17.65245072358345,52.68986149651732,29.65768777989924,39.284547926078204,20.398591185951247,39.284547926078204,4.579108301616411,GTCCAGACCCAGGTACCGAGGAGCAGCTCAGTCAGGACCCTGGAGATGAGACACGGGCCT,30,,,,1,,39.284547926078204,ins,A,0.0,5.390772342681885,0.7989047169685364,3.018683433532715,2.302090123295784
37210,CCDS42114.1,/C16orf5/C16orf5/C16orf5,3,0,0,3,80.2105,ACCAAGATCTCCTACGAGAT,37210,GCAGGCCATCACCACCAAGATCTCCTACGAGATTGGCTTGATGAATTTCGTGCTGGGTTT,1.4700987494161748,0.5311551007770987,45.51722038806894,42.88347437832745,11.599305233603618,86.59190650408054,13.408093495919497,76.16736375959093,10.42454274448961,39.183872493003626,22.876566044414677,39.183872493003626,3.5969018826154966,GCAGGCCATCACCACCAAGATCTCCTACGAGATTGGCTTGATGAATTTCGTGCTGGGTTT,30,,,,1,,39.183872493003626,ins,A,0.0,2.772026777267456,0.7834687232971191,3.0655107498168945,1.6552515625953674
