Number,CCDS ID,GeneName,Exon number,Number of 1bp mismatches,Number of 2bp mismatches,Number of 3bp mismatches,Off-target score (OS),sgRNA sequence,name,Evaluated_Sequence,Phi,Precision,1-bp ins frequency,MH del frequency,MHless del frequency,Frameshift frequency,Frame +0 frequency,Frame +1 frequency,Frame +2 frequency,Highest outcome frequency,Highest del frequency,Highest ins frequency,Expected indel length,Reference sequence,Cutsite,gRNA,gRNA orientation,Cas9 type,MHdel/MHlessdel,Dkl_hek293_hek293,Dkl_hek293_u2os,Dkl_hek293_hct116,Dkl_hek293_k562,Dkl_ave
52671,CCDS55969.1,/C15orf44,1,0,0,10,18.8421,CGTCGGCATAAACTTTCCGT,52671,GCCGGACACAGTCCGTCGGCATAAACTTTCCGTCGGCATAAACTTTCCGTCCGCGCGCCA,28.900916434276155,0.8553280197336313,10.541251002272508,88.57564557907207,0.8831034186553883,99.41032650416037,0.5896734958396389,97.18907589552815,2.2212506086322183,85.6049061931924,85.6049061931924,6.339653550355083,14.880658176848383,GCCGGACACAGTCCGTCGGCATAAACTTTCCGTCGGCATAAACTTTCCGTCCGCGCGCCA,30,,,,100.30042202071553,0.0,2.474769115447998,3.947078227996826,1.9357686042785645,2.089403986930847
63162,CCDS9312.1,/FAM123A/FAM123A,1,0,0,2,31.3684,TGACTGTGCCGCCGAAACGC,63162,TGGACTTGCATTGTGACTGTGCCGCCGAAACGCCGGCCGCCGAGCCGCCGTCGGGGAAGA,12.705682783367036,0.6114678622611429,15.373189704570468,81.92086458125983,2.7059457141697023,61.19497726775025,38.805022732249746,59.449126702675564,1.745850565074683,32.036413688911125,32.036413688911125,13.234136444600264,10.054881013260966,TGGACTTGCATTGTGACTGTGCCGCCGAAACGCCGGCCGCCGAGCCGCCGTCGGGGAAGA,30,,,,30.2743932194503,0.0,35.568050384521484,0.9216259121894836,3.3551504611968994,9.961206689476967
62815,CCDS9166.1,/C12orf52/C12orf52/C12orf52,1,0,0,22,9.6842,GGATCGAAGTCCGGTGGGGT,62815,CTCCACCCAGGGCGGATCGAAGTCCGGTGGGGTAGGCCGGGTGCCTGCTGGGCTGCCAAA,4.127203150026639,0.4360830401858151,5.205905419095408,90.37396780709987,4.420126773804699,83.38314860969541,16.616851390304635,56.07349649462734,27.309652115068076,20.33392516667677,20.33392516667677,2.3785469003357473,6.823601729251473,CTCCACCCAGGGCGGATCGAAGTCCGGTGGGGTAGGCCGGGTGCCTGCTGGGCTGCCAAA,30,,,,20.446012621784813,0.0,9.428201675415039,0.6401575803756714,1.0817962884902954,2.7875388860702515
60549,CCDS824.1,/HBXIP,3,0,0,20,173.4211,TCTGATTCTAGACACACCAC,60549,TACTCACCCATTATCTGATTCTAGACACACCACAGGAATATCAGTGGGGTCAGAGGTTAG,4.46593771375317,0.5887695789270682,6.9417714685040215,88.55935285123499,4.498875680260954,64.85032124394434,35.14967875605557,48.55600996463394,16.294311279310406,35.54430833506056,35.54430833506056,4.174876978697092,4.688551208703346,TACTCACCCATTATCTGATTCTAGACACACCACAGGAATATCAGTGGGGTCAGAGGTTAG,30,,,,19.68477440703544,0.0,2.1149566173553467,1.730419635772705,1.1469643115997314,1.2480851411819458
21375,CCDS30706.1,/KIAA0494,1,0,0,17,292.8947,TGACTGCTTGGGCCTTTCTT,21375,GCGAAGCAGGCGGTGACTGCTTGGGCCTTTCTTGGGCTTCTTTCTCCGGCTGTCCCCAGC,7.549535705524728,0.6257906455550011,24.004043765137073,71.90637013051347,4.089586104349495,93.54289747530525,6.457102524694762,78.26154855004432,15.281348925260925,48.76309885065226,48.76309885065226,22.597881220219588,7.510367263656472,GCGAAGCAGGCGGTGACTGCTTGGGCCTTTCTTGGGCTTCTTTCTCCGGCTGTCCCCAGC,30,,,,17.582798917972937,0.0,20.434722900390625,2.2425591945648193,2.979414701461792,6.414174199104309
26593,CCDS32795.1,/C18orf1,3,0,0,2,71.0,CTTCAGACAGCGCCGCACCG,26593,GGGTGCCTGTGGCCTTCAGACAGCGCCGCACCGCGGCTGGGCGCCTCGGAGGTAAGGGGC,6.78970811871233,0.5759373531694513,15.60480643263068,79.3453755829613,5.049817984407948,90.58976318855619,9.410236811443813,77.94785223297998,12.641910955576208,47.96282422715109,47.96282422715109,13.43352560461885,6.026221310138552,GGGTGCCTGTGGCCTTCAGACAGCGCCGCACCGCGGCTGGGCGCCTCGGAGGTAAGGGGC,30,,,,15.712521882561264,0.0,35.62562942504883,0.9134925603866577,3.486018180847168,10.006285041570663
2083,CCDS10655.1,/C16orf53,3,0,0,30,78.2105,AGAGACTACTCCCGGAGGAT,2083,CGCTGCCGAGGGAAGAGACTACTCCCGGAGGATCGGAGTGGGGGGCTGGCGGGGCTGGGG,4.595743119384999,0.6101713877856767,8.671053411247991,85.65079448354867,5.678152105203402,86.30995499247983,13.69004500752021,74.05236988064216,12.257585111837676,59.30790769256601,59.30790769256601,3.9617521936373143,6.994482160947667,CGCTGCCGAGGGAAGAGACTACTCCCGGAGGATCGGAGTGGGGGGCTGGCGGGGCTGGGG,30,,,,15.084272646563857,0.0,7.893590450286865,1.199786901473999,0.29135608673095703,2.3461833596229553
62313,CCDS8964.1,/C12orf61,1,0,0,9,0.0,CGATTATCGGCGCCGAGAGC,62313,GGATGCCCGCCGGCGATTATCGGCGCCGAGAGCGGGCCGGCGGCGGGTTCGACAGCGCGG,4.716542932606062,0.4000582041878652,2.9125962612191554,90.64484592765444,6.442557811126614,70.90908029149341,29.090919708506753,53.58020639676624,17.32887389472716,17.722929587101458,17.722929587101458,1.3307477280784124,10.387327803652404,GGATGCCCGCCGGCGATTATCGGCGCCGAGAGCGGGCCGGCGGCGGGTTCGACAGCGCGG,30,,,,14.069698493214348,0.0,12.345121383666992,0.40494948625564575,0.480374813079834,3.307611420750618
23675,CCDS31594.1,/C11orf84,3,0,0,27,44.7895,GACGATTTCGGCTGGCATTC,23675,AGTCAAGGAGAACGACGATTTCGGCTGGCATTCTGGCAGCGTCTGGGTTGGCGTCTGGGT,6.0458781763667275,0.6796949013921156,18.927853604530902,75.62434338685802,5.447803008611078,92.2208739847793,7.779126015220665,87.76554925734929,4.455324727430016,62.617059200265565,62.617059200265565,16.294198017429576,6.988636342139391,AGTCAAGGAGAACGACGATTTCGGCTGGCATTCTGGCAGCGTCTGGGTTGGCGTCTGGGT,30,,,,13.881622236949884,0.0,30.230022430419922,3.3328607082366943,3.6471433639526367,9.302506625652313
54016,CCDS58199.1,/C12orf32,2,0,0,7,97.7368,TCTGGTTAAAGACACCCCCG,54016,AGCCTGGACCTGTTCTGGTTAAAGACACCCCCGAGGACAAGTATGGAATAAAGGTCACAT,2.684173104140575,0.48167804532059166,5.5285618982389515,87.69815395317664,6.7732841485843815,59.8744708336702,40.12552916632979,42.05850455927164,17.81596627439856,28.512427897747113,28.512427897747113,3.324953277269692,5.133961726341715,AGCCTGGACCTGTTCTGGTTAAAGACACCCCCGAGGACAAGTATGGAATAAAGGTCACAT,30,,,,12.947656119152418,0.0,2.6523609161376953,1.6991682052612305,0.8865265250205994,1.3095139116048813
