Number,CCDS ID,GeneName,Exon number,Number of 1bp mismatches,Number of 2bp mismatches,Number of 3bp mismatches,Off-target score (OS),sgRNA sequence,name,Evaluated_Sequence,Phi,Precision,1-bp ins frequency,MH del frequency,MHless del frequency,Frameshift frequency,Frame +0 frequency,Frame +1 frequency,Frame +2 frequency,Highest outcome frequency,Highest del frequency,Highest ins frequency,Expected indel length,Reference sequence,Cutsite,gRNA,gRNA orientation,Cas9 type,Length,Genotype position,Predicted frequency,Category,Inserted Bases,Dkl_hek293_hek293,Dkl_hek293_u2os,Dkl_hek293_hct116,Dkl_hek293_k562,Dkl_ave,Value_name,MHdel/MHlessdel,MHlessdel/MHdel
53279,CCDS5671.2,/ZNF498/ZNF498,2,0,0,39,105.9474,TACCGAGGAGCAGCTCAGTC,53279,GTCCAGACCCAGGTACCGAGGAGCAGCTCAGTCAGGACCCTGGAGATGAGACACGGGCCT,2.224754180443048,0.5277576351321542,45.63416814191175,44.43802951366002,9.927802344428285,82.34754927641656,17.65245072358345,52.68986149651732,29.65768777989924,39.284547926078204,20.398591185951247,39.284547926078204,4.579108301616411,GTCCAGACCCAGGTACCGAGGAGCAGCTCAGTCAGGACCCTGGAGATGAGACACGGGCCT,30,,,,1,,39.284547926078204,ins,A,0.0,5.390772342681885,0.7989047169685364,3.018683433532715,2.302090123295784,insA_Dkl_max,,
63565,CCDS949.1,/C1orf51/C1orf51,2,0,0,34,123.3158,AAGATGGGTCGTTTTGAGAG,63565,ACTCAATGGGCTGAAGATGGGTCGTTTTGAGAGAGGTAATCTTATTGTTGCATTCATTTG,1.8745819074564825,0.5156249089899303,46.051069633358374,44.94156776625615,9.007362600385543,87.84272223675026,12.157277763249773,69.11800561252471,18.72471662422555,39.64344099432166,17.76464376648648,39.64344099432166,3.9388620617345116,ACTCAATGGGCTGAAGATGGGTCGTTTTGAGAGAGGTAATCTTATTGTTGCATTCATTTG,30,,,,1,,39.64344099432166,ins,A,0.0,2.837815284729004,0.7554439306259155,2.8722198009490967,1.616369754076004,insA_Dkl_min,,
45967,CCDS47165.1,/ODZ3/ODZ3,2,0,0,14,48.2105,TTTCGTGCTCCGTATCTGTC,45967,CTGTCGGACTTGTTTTCGTGCTCCGTATCTGTCAGGGTGAGGGCTGAGTTGGACCGACTT,1.4208290848338083,0.5023980739882222,43.26584221735937,40.51187792043643,16.222279862204214,84.31783810001605,15.682161899983942,55.14048657563894,29.17735152437711,40.73131897637439,12.690526121802511,40.73131897637439,4.183947336492212,CTGTCGGACTTGTTTTCGTGCTCCGTATCTGTCAGGGTGAGGGCTGAGTTGGACCGACTT,30,,,,1,,40.73131897637439,ins,T,0.0,10.582974433898926,1.1310161352157593,1.2598178386688232,3.243452101945877,insT_Dkl_max,,
46055,CCDS47220.1,/FAM159B,2,0,0,27,339.2105,CTCAGCATTGGTGCCTTGAT,46055,TTTTTCTGTTTTCCTCAGCATTGGTGCCTTGATTGGACTAGGAATTGCTGCCCTTGTTTT,1.7768323760994906,0.521478695416624,45.40373393266512,42.11307555507845,12.483190512256462,73.35995045461365,26.640049545386386,55.35450500643271,18.005445448180946,42.743972490793396,15.707742971765033,42.743972490793396,5.099569781856871,TTTTTCTGTTTTCCTCAGCATTGGTGCCTTGATTGGACTAGGAATTGCTGCCCTTGTTTT,30,,,,1,,42.743972490793396,ins,T,0.0,1.3022817373275757,1.5082263946533203,1.4671828746795654,1.0694227516651154,insT_Dkl_min,,
42723,CCDS45066.1,/A2LD1/A2LD1,1,0,0,3,27.8421,GGGTTGTAGCGCAGCCCGTG,42723,TCTGTTCTCCCGGGGGTTGTAGCGCAGCCCGTGCGGCCCCTCGGAGTCGTAGCTGTCATG,3.7388655408761227,0.461640307293245,35.70130526732214,57.31200550993043,6.98668922274745,63.96842593141694,36.03157406858308,50.17012677681186,13.798299154605076,24.412146476382617,24.412146476382617,21.471256745664803,6.063588520805473,TCTGTTCTCCCGGGGGTTGTAGCGCAGCCCGTGCGGCCCCTCGGAGTCGTAGCTGTCATG,30,,,,1,,21.471256745664803,ins,C,0.0,26.496654510498047,2.6265134811401367,5.986919403076172,8.777521848678589,insC_Dkl_max,,
21177,CCDS30638.1,/TMEM57,7,0,0,11,36.7368,TTCTGAGCGGATCCCTCGCT,21177,GAAGCTGGCCCATTTCTGAGCGGATCCCTCGCTCGGTGCTCGAAAGGGAGCTGATCTGAC,2.624274944651683,0.4677734466317479,35.68740985904851,54.35634037862336,9.956249762328168,92.78301047568664,7.216989524313332,53.94762720516567,38.83538327052097,27.85839370764167,27.85839370764167,21.462899855730523,4.603732632230029,GAAGCTGGCCCATTTCTGAGCGGATCCCTCGCTCGGTGCTCGAAAGGGAGCTGATCTGAC,30,,,,1,,21.462899855730523,ins,C,0.0,4.127765655517578,2.631725311279297,5.993894100189209,3.188346266746521,insC_Dkl_min,,
25715,CCDS32434.2,/C16orf93,2,0,0,6,642.7895,AGCCGCCGCTGCCCCGACCC,25715,GCTTTCTTTCCGCAGCCGCCGCTGCCCCGACCCCGGATCTGCATGTGGTGAGTGTGAAGA,11.69854038258048,0.6498256722135527,12.022821001831634,84.92192395553468,3.0552550426335867,39.74281323815022,60.25718676184976,27.197322931491907,12.545490306658314,57.53639813733046,57.53639813733046,10.349944067882113,5.716991305733439,GCTTTCTTTCCGCAGCCGCCGCTGCCCCGACCCCGGATCTGCATGTGGTGAGTGTGAAGA,30,,,,,,,,,0.0,47.00775909423828,1.851246953010559,0.9101781845092773,12.44229605793953,mmej_framein_Dkl_max,27.795363323362093,
41066,CCDS44253.1,/C1orf204,2,0,0,13,111.3684,CACGTCCTCGGGGCCGCCGC,41066,AGGGCGCCAGGGCCACGTCCTCGGGGCCGCCGCAGGGGGGAGGCGCGTACTTGCGGCGCA,5.921331371813806,0.47451246921286205,5.372943306417381,91.17674890190547,3.4503077916772225,42.95036176206014,57.04963823793991,22.862690758218154,20.08767100384199,35.48420396176256,35.48420396176256,3.2313621126223278,7.601141707808544,AGGGCGCCAGGGCCACGTCCTCGGGGCCGCCGCAGGGGGGAGGCGCGTACTTGCGGCGCA,30,,,,,,,,,0.0,1.7142653465270996,1.9202748537063599,0.889906644821167,1.1311117112636566,mmej_framein_Dkl_min,26.42568559298987,
26593,CCDS32795.1,/C18orf1,3,0,0,2,71.0,CTTCAGACAGCGCCGCACCG,26593,GGGTGCCTGTGGCCTTCAGACAGCGCCGCACCGCGGCTGGGCGCCTCGGAGGTAAGGGGC,6.78970811871233,0.5759373531694513,15.60480643263068,79.3453755829613,5.049817984407948,90.58976318855619,9.410236811443813,77.94785223297998,12.641910955576208,47.96282422715109,47.96282422715109,13.43352560461885,6.026221310138552,GGGTGCCTGTGGCCTTCAGACAGCGCCGCACCGCGGCTGGGCGCCTCGGAGGTAAGGGGC,30,,,,,,,,,0.0,35.62562942504883,0.9134925603866577,3.486018180847168,10.006285041570663,mmej_framep1_Dkl_max,15.712521882561264,
60549,CCDS824.1,/HBXIP,3,0,0,20,173.4211,TCTGATTCTAGACACACCAC,60549,TACTCACCCATTATCTGATTCTAGACACACCACAGGAATATCAGTGGGGTCAGAGGTTAG,4.46593771375317,0.5887695789270682,6.9417714685040215,88.55935285123499,4.498875680260954,64.85032124394434,35.14967875605557,48.55600996463394,16.294311279310406,35.54430833506056,35.54430833506056,4.174876978697092,4.688551208703346,TACTCACCCATTATCTGATTCTAGACACACCACAGGAATATCAGTGGGGTCAGAGGTTAG,30,,,,,,,,,0.0,2.1149566173553467,1.730419635772705,1.1469643115997314,1.2480851411819458,mmej_framep1_Dkl_min,19.68477440703544,
28468,CCDS33508.1,/RP4-697K14.7,2,0,0,19,118.5263,GGAGTGGGTCCGGCGCACGC,28468,CACAGGAGCTGCAGGAGTGGGTCCGGCGCACGCAGGCTGTGGAGCTGCGGGGGCAGGCGG,5.302365063373123,0.585707536595179,15.712865660304615,78.58066840632836,5.706465933366964,89.57617020825072,10.423829791749242,23.31700400839855,66.25916619985216,51.50799152593962,51.50799152593962,13.526549277039276,5.353016717765267,CACAGGAGCTGCAGGAGTGGGTCCGGCGCACGCAGGCTGTGGAGCTGCGGGGGCAGGCGG,30,,,,,,,,,0.0,35.433902740478516,0.9114274382591248,3.544541120529175,9.972467824816704,mmej_framep2_Dkl_max,13.770461319474435,
8636,CCDS1266.1,/BRP44/BRP44,1,0,0,8,63.3684,TCGGCGGCGATGTCGGCCGC,8636,TGCCAACGATCCCTCGGCGGCGATGTCGGCCGCCGGTGCCCGAGGCCTGCGGGCCACCTA,3.487311485626181,0.4010056016759128,6.549879050358846,85.7933889356705,7.656732013970708,73.09884443439381,26.901155565606192,15.346160011627934,57.75268442276588,21.20105613768683,21.20105613768683,3.9391874804092986,6.915628502145721,TGCCAACGATCCCTCGGCGGCGATGTCGGCCGCCGGTGCCCGAGGCCTGCGGGCCACCTA,30,,,,,,,,,0.0,1.0473848581314087,0.7139171361923218,1.0322847366333008,0.6983966827392578,mmej_framep2_Dkl_min,11.204961696338497,
54920,CCDS59032.1,/FAM26D,1,0,0,9,299.3158,CAGCAAACGAGAAGAGATCC,54920,ATAATGTCAGTGCCAGCAAACGAGAAGAGATCCTGGCTGGGTTTCCATGTTGCAGATCAG,0.679783114120057,0.3697668555150555,23.53299177657,30.76736156075515,45.69964666267493,77.90814269405315,22.09185730594686,48.25473488310319,29.653407810949965,20.25856898312991,13.558745770249553,20.25856898312991,5.46206466705279,ATAATGTCAGTGCCAGCAAACGAGAAGAGATCCTGGCTGGGTTTCCATGTTGCAGATCAG,30,,,,,,,,,0.0,27.566967010498047,3.644050359725952,3.6483662128448486,8.714845895767212,nhej_framep1_Dkl_max,,1.4853287491822644
4912,CCDS11539.1,/ATP5G1/ATP5G1,1,0,0,19,1146.7895,TGGAGAAATGAATAATGCCC,4912,ACCTTACCAGAGCTGGAGAAATGAATAATGCCCCGGCGGTCTGCATTTTTTCAGTCTGCA,0.6755477298921727,0.35536216976365054,6.038859351602774,37.454256908331466,56.50688374006574,75.00932243636734,24.990677563632644,41.37939655317385,33.6299258831935,16.765172749713212,16.765172749713212,2.7591185463400514,6.503496244947842,ACCTTACCAGAGCTGGAGAAATGAATAATGCCCCGGCGGTCTGCATTTTTTCAGTCTGCA,30,,,,,,,,,0.0,7.15312385559082,0.6689255237579346,3.605818748474121,2.856967031955719,nhej_framep1_Dkl_min,,1.5086905576144574
